<?xml version="1.0" encoding="UTF-8"?>
<project-private xmlns="http://www.netbeans.org/ns/project-private/1">
    <editor-bookmarks xmlns="http://www.netbeans.org/ns/editor-bookmarks/2" lastBookmarkId="0"/>
    <open-files xmlns="http://www.netbeans.org/ns/projectui-open-files/2">
        <group>
            <file>file:/E:/Project/TesK24/src/java/Controller/HapusMemberServlet.java</file>
            <file>file:/E:/Project/TesK24/src/java/Controller/UserKontrol.java</file>
            <file>file:/E:/Project/TesK24/web/list-member.jsp</file>
            <file>file:/E:/Project/TesK24/src/java/Model/Member.java</file>
            <file>file:/E:/Project/TesK24/web/login.jsp</file>
            <file>file:/E:/Project/TesK24/src/java/Controller/edituserServlet.java</file>
            <file>file:/E:/Project/TesK24/web/list-user.jsp</file>
            <file>file:/E:/Project/TesK24/web/halaman-edit-member.jsp</file>
            <file>file:/E:/Project/TesK24/web/css/bootstrap.min.css</file>
            <file>file:/E:/Project/TesK24/src/java/Controller/loginServlet.java</file>
            <file>file:/E:/Project/TesK24/web/halaman-edit-user.jsp</file>
            <file>file:/E:/Project/TesK24/web/pages/forms.html</file>
            <file>file:/E:/Project/TesK24/web/pages/buttons.html</file>
            <file>file:/E:/Project/TesK24/src/java/Controller/TambahMemberServlet.java</file>
            <file>file:/E:/Project/TesK24/web/halaman-tambah-user.jsp</file>
            <file>file:/E:/Project/TesK24/src/java/Controller/MemberKontrol.java</file>
            <file>file:/E:/Project/TesK24/src/java/Controller/HapusUserServlet.java</file>
            <file>file:/E:/Project/TesK24/src/java/Controller/EditMemberServlet.java</file>
            <file>file:/E:/Project/TesK24/src/java/Koneksi/Koneksi.java</file>
            <file>file:/E:/Project/TesK24/src/java/Model/User.java</file>
            <file>file:/E:/Project/TesK24/web/dashboard.jsp</file>
            <file>file:/E:/Project/TesK24/src/java/Controller/tambahuserServlet.java</file>
            <file>file:/E:/Project/TesK24/web/halaman-tambah-member.jsp</file>
            <file>file:/E:/Project/TesK24/web/pages/index.html</file>
            <file>file:/E:/Project/TesK24/web/pages/tables.html</file>
            <file>file:/E:/Project/TesK24/web/META-INF/context.xml</file>
        </group>
    </open-files>
</project-private>
